Timestamp,From Bank,Account,To Bank,Account,Amount Received,Receiving Currency,Amount Paid,Payment Currency,Payment Format,Is Laundering
2022/08/01 00:17,020,800104D70,020,800104D70,6794.63,US Dollar,6794.63,US Dollar,Reinvestment,0
2022/08/01 00:02,03196,800107150,03196,800107150,7739.29,US Dollar,7739.29,US Dollar,Reinvestment,0
2022/08/01 00:17,01208,80010E430,01208,80010E430,1880.23,US Dollar,1880.23,US Dollar,Reinvestment,0
2022/08/01 00:03,01208,80010E650,020,80010E6F0,73966883.00,US Dollar,73966883.00,US Dollar,Cheque,0
2022/08/01 00:02,01208,80010E650,020,80010EA30,45868454.00,US Dollar,45868454.00,US Dollar,Cheque,0
2022/08/01 00:27,03203,80010EA80,03203,80010EA80,13284.41,US Dollar,13284.41,US Dollar,Reinvestment,0
2022/08/01 00:25,020,800104D20,020,800104D20,9.72,US Dollar,9.72,US Dollar,Reinvestment,0
2022/08/01 00:09,01208,80010E430,01208,80010E430,7.66,US Dollar,7.66,US Dollar,Reinvestment,0
2022/08/01 00:09,011,80010E600,011,80010E600,16.33,US Dollar,16.33,US Dollar,Reinvestment,0
